date,sessions,avg_session_duration_min,bounce_rate,conversion_rate
2023-01-01,1127,5.13234933986051,0.4712603490476143,0.052007896632672426
2023-01-02,1198,4.5796568344379756,0.3387850881855317,0.062304937337806766
2023-01-03,1241,5.307365712303743,0.31136568888889576,0.07010821627931903
2023-01-04,1288,4.2863130514857195,0.2599811860713526,0.0531604330301018
2023-01-05,1203,5.686507416137715,0.32758545359800806,0.06091151258739806
2023-01-06,1207,5.442502136101392,0.47281729413278634,0.056636797310132166
2023-01-07,1201,5.368430956955643,0.5809880164357527,0.06205692325554259
2023-01-08,1163,5.765903036199286,0.49791672473795207,0.060001063408400994
2023-01-09,1205,6.141354863559851,0.3402058468982408,0.056672792111415425
2023-01-10,1258,5.849771320872021,0.34404698516420407,0.06229156249191598
2023-01-11,1211,4.4560163040206655,0.36233878311410017,0.06884299660761373
2023-01-12,1215,4.770420516369388,0.3261224808722751,0.058832881841032664
2023-01-13,1253,5.131433737160491,0.43668751557811,0.06334943503331286
2023-01-14,1049,5.490391057117317,0.49822720095464224,0.05324463572947369
2023-01-15,1061,5.769536100466936,0.43893823259269105,0.05488629625196273
2023-01-16,1222,5.181044408491478,0.43241402169219295,0.061985122163943376
2023-01-17,1203,5.6703482479997565,0.31576944432280796,0.06699543202623022
2023-01-18,1273,5.2321509831359165,0.32348383097716904,0.06130184250123228
2023-01-19,1215,5.336780421888755,0.3122370171981392,0.05790458737814499
2023-01-20,1193,4.971715250764116,0.42151545889558534,0.059409630202245246
2023-01-21,1240,5.245735621297292,0.533611859109571,0.0531016408232829
2023-01-22,1158,5.06360678297318,0.45954149064221467,0.062313990745808574
2023-01-23,1276,5.283390185998547,0.4863481925616703,0.06363806080002192
2023-01-24,1204,6.329796876715866,0.3018350424724669,0.05689819121850748
2023-01-25,1251,5.3596877608086615,0.31374144506941193,0.05673796563459752
2023-01-26,1287,7.181742217519558,0.4032411676818987,0.06034440798957909
2023-01-27,1227,6.143117633921266,0.3724700872651042,0.05675558728498959
2023-01-28,1206,6.019518603653139,0.4094523506191436,0.058530043142212274
2023-01-29,1160,5.52828879014097,0.40190033251829826,0.06927820979284145
2023-01-30,1279,6.337706040024449,0.46312920517135914,0.05746076538973613
2023-01-31,1266,5.729522974585322,0.2942239444585747,0.05681790939878384
2023-02-01,1392,6.107836122053781,0.43041717306523025,0.0552830661828373
2023-02-02,1301,7.356052612210997,0.32839924615537475,0.062150375231047515
2023-02-03,1252,6.056840676472914,0.4526159390716077,0.057429436852295186
2023-02-04,1249,6.708040175725074,0.5745982888465762,0.05499236486596842
2023-02-05,1150,5.810012334344658,0.5784877926547591,0.06474698109644725
2023-02-06,1324,6.171959128673046,0.50307517883182,0.0651372946408964
2023-02-07,1218,7.102354058048007,0.3822351632828541,0.05493359826082796
2023-02-08,1252,5.930609967987851,0.35371033507239075,0.04849710127996755
2023-02-09,1331,7.177088880778819,0.38623797354830336,0.06275913429417626
2023-02-10,1361,6.6511350897977,0.48230642772008775,0.05418789345780773
2023-02-11,1235,6.042035848537422,0.4699335054017557,0.06145139200785953
2023-02-12,1224,6.665091107193652,0.43727320407568765,0.04753274445147189
2023-02-13,1317,6.860382759260698,0.39983127712945243,0.061729061939182206
2023-02-14,1261,6.709821635211892,0.3133076206269506,0.05109087421402571
2023-02-15,1301,5.638200884618321,0.27984580631545386,0.060679095337024196
2023-02-16,1317,6.083719488679391,0.39143099846108,0.056973099221611895
2023-02-17,1395,6.347074728152219,0.49115363434028136,0.05200645079348367
2023-02-18,1262,6.456727460843087,0.5019131355327747,0.054613372415008965
2023-02-19,1159,6.8269476657324635,0.5520596522995661,0.05995058224357064
2023-02-20,1365,6.627680154234502,0.34291554429332477,0.056916966486091444
2023-02-21,1332,5.8929195227865,0.3121338787892111,0.05917617063221489
2023-02-22,1320,6.771990239016536,0.2666660927516774,0.06600106693526467
2023-02-23,1387,6.908015048991264,0.2632847952345912,0.04816060108550391
2023-02-24,1410,6.902973341980242,0.4392543396196209,0.0639290446111268
2023-02-25,1307,7.183343469382139,0.49140541579901825,0.05622420261453394
2023-02-26,1221,7.079302330006068,0.5538556354089096,0.05106625412495481
2023-02-27,1349,6.910826850883175,0.4315405842277389,0.04876471007786487
2023-02-28,1383,6.664551327325731,0.27060751053673676,0.05432517513253855
2023-03-01,1418,5.88704744979361,0.39521183709852703,0.05973196468090653
2023-03-02,1347,6.949721819025487,0.41766331086451186,0.05433738728718414
2023-03-03,1363,6.855627253870041,0.47249325908518663,0.06238085206884893
2023-03-04,1219,6.903924438484414,0.4861685862756908,0.04741771372132223
2023-03-05,1217,6.145588405008942,0.43021118641062905,0.05446027730009277
2023-03-06,1419,6.258733469100355,0.38138966119644735,0.048104545097495045
2023-03-07,1448,7.340604052271724,0.37625428273840633,0.056029168121085736
2023-03-08,1378,6.80847839944234,0.3967365240785481,0.05848869423408648
2023-03-09,1434,7.182692924119582,0.43377380250185366,0.05179249552690262
2023-03-10,1403,6.869242555223623,0.41894590282244215,0.040716127864769025
2023-03-11,1255,6.882552527393723,0.4415119195537318,0.05457172312231373
2023-03-12,1307,7.34885401887179,0.4852274605923632,0.05559940045034611
2023-03-13,1467,6.633170410745598,0.31157803172185744,0.05527489462192829
2023-03-14,1390,6.950173421060799,0.3379752374624361,0.05926908090286025
2023-03-15,1471,6.68133200883129,0.2951270794668842,0.047570734958088244
2023-03-16,1263,6.705011454028444,0.3333098009948321,0.05616205025822694
2023-03-17,1437,6.77689381357539,0.3636532205484161,0.05855765553308788
2023-03-18,1301,7.051194729519871,0.5231727965466683,0.04353555930092677
2023-03-19,1283,6.7088265995131025,0.45154810626370745,0.05385941598467777
2023-03-20,1404,7.5835747457980744,0.3415041582144856,0.04957224730459213
2023-03-21,1302,6.515309289433467,0.17820374108911455,0.05151690245420008
2023-03-22,1391,6.875511811423505,0.3011314635292858,0.05349369732190597
2023-03-23,1421,6.754833355650885,0.4452242059217314,0.04914945103046359
2023-03-24,1478,7.703353932351572,0.5264513346391493,0.04803686255636237
2023-03-25,1279,7.0827218070916516,0.4746379783888688,0.051415554726308016
2023-03-26,1266,7.504358083522221,0.448072545228714,0.045637583772327614
2023-03-27,1382,6.249057805775872,0.4234387128037512,0.045473390455884485
2023-03-28,1454,7.128175079150941,0.27189757979378243,0.0541278177137633
2023-03-29,1425,7.441686240122848,0.3175968037727909,0.04481519972521275
2023-03-30,1383,7.039642017117079,0.3949156400074787,0.053718785313467805
2023-03-31,1436,7.532277191492458,0.5047350351059712,0.05252811743863198
2023-04-01,1316,6.741337254422194,0.4924850873941848,0.041414001739009464
2023-04-02,1360,7.704507037402266,0.46799946073795473,0.04648307377757164
2023-04-03,1377,8.14854162318434,0.356100870662172,0.05566934396676778
2023-04-04,1397,6.8163401509502375,0.28047283405120405,0.044620958461077276
2023-04-05,1394,6.773083061030398,0.2911832641867413,0.04703289419395991
2023-04-06,1341,7.720010042067191,0.37497990142905313,0.05149354051295526
2023-04-07,1429,7.779996695066751,0.4890676052234183,0.05292875115908427
2023-04-08,1328,6.725083684958195,0.4573338436841652,0.04758295957382252
2023-04-09,1316,6.772134719438981,0.5528175766947792,0.04568230196119984
2023-04-10,1404,6.836462876034427,0.3864438199478716,0.055611295325046016
2023-04-11,1345,6.299671044410522,0.3207484870357752,0.0570239820639667
2023-04-12,1395,6.506527130717865,0.26514662482442647,0.053054306737332184
2023-04-13,1399,6.457156999914946,0.2353996130745971,0.04841768516151877
2023-04-14,1376,6.568122318712672,0.4875906437298083,0.043781439087830054
2023-04-15,1309,6.926893949564732,0.534334986072804,0.043502864071513075
2023-04-16,1337,7.052982932316389,0.46411677039089233,0.050100669887480596
2023-04-17,1511,7.702191343535336,0.4033495358612436,0.04941384805282168
2023-04-18,1425,6.418258613605198,0.34761381263840196,0.05416440109192212
2023-04-19,1430,7.399523192499183,0.22437991593749051,0.050244052386324026
2023-04-20,1413,6.789728737911588,0.3301589922209295,0.03931268560530985
2023-04-21,1320,6.860790431954626,0.4831016078928472,0.05192505029943273
2023-04-22,1315,7.211172438674165,0.43477832005971995,0.04151322231091565
2023-04-23,1319,6.30008685129481,0.4928610448551345,0.044422918405265556
2023-04-24,1539,7.039786317478212,0.3321709097688298,0.047434108828591885
2023-04-25,1406,6.918393356225315,0.3451383508748733,0.056002909306094265
2023-04-26,1430,7.067434892192507,0.30072513466694345,0.06141680670219776
2023-04-27,1413,6.951295926603278,0.27585503529296873,0.04874469591655608
2023-04-28,1356,8.019328651425266,0.5016253416346144,0.04464023512535193
2023-04-29,1371,6.457244653133328,0.46076321237827994,0.048075200847881715
2023-04-30,1351,6.494525930446162,0.43767052639608395,0.04968876640869868
2023-05-01,1452,6.431842374206261,0.4100284598615472,0.04349637520792345
2023-05-02,1366,6.4485456965196954,0.37924871922463277,0.05392644623234641
2023-05-03,1481,6.389950775846395,0.25171611783289777,0.04595291567440186
2023-05-04,1341,7.285006380259903,0.3596956185806428,0.04714498986264719
2023-05-05,1439,7.382103082832202,0.4648291989282845,0.04784119167742512
2023-05-06,1419,6.367335250573081,0.5321480715813396,0.04647642581032309
2023-05-07,1259,6.216898316339718,0.48700522601066426,0.048421786336830794
2023-05-08,1379,6.848667670835091,0.3816486080458339,0.04100111961862961
2023-05-09,1412,6.316254205424746,0.28043734072076104,0.04115793053378136
2023-05-10,1381,6.887765619035185,0.30681440293413637,0.0383125148025165
2023-05-11,1327,6.651229593159731,0.30300467548896387,0.04587647204122765
2023-05-12,1407,5.76990516808247,0.29732084973702544,0.047441201385265065
2023-05-13,1250,7.279086255729048,0.5193207814260657,0.04570484848377895
2023-05-14,1326,7.380382858244952,0.5233798903011128,0.05165986259106238
2023-05-15,1355,6.152720762930782,0.2818533782229081,0.04313282568960867
2023-05-16,1477,6.241503047383932,0.2713303165177001,0.04637994602199384
2023-05-17,1359,6.554099915576808,0.33346492183207754,0.03745522883665883
2023-05-18,1381,6.553790848767467,0.45948639957382914,0.04085782999208939
2023-05-19,1437,6.690818955290448,0.44442805929552626,0.046152748071693096
2023-05-20,1234,7.341229997810242,0.4610926441567257,0.046804471155002116
2023-05-21,1305,6.221839100671146,0.469038326191561,0.04097523212095228
2023-05-22,1458,5.884960804203901,0.4687438209574093,0.04197541554770808
2023-05-23,1311,5.567866015184405,0.28951864279697026,0.03463465979685969
2023-05-24,1399,5.865104179955696,0.26254760844930497,0.040331803437661705
2023-05-25,1402,6.186684640012946,0.3324744499791426,0.04646412208873529
2023-05-26,1426,7.072849436343841,0.39572194349882023,0.04478585513678336
2023-05-27,1224,5.888738886290563,0.5036263070179222,0.04431317974022524
2023-05-28,1218,6.231072500639803,0.559417071170281,0.04196116756415976
2023-05-29,1409,6.082269429044926,0.4161539636558015,0.04165251874096314
2023-05-30,1396,6.655656733047908,0.3091991766468826,0.03822298507370446
2023-05-31,1392,7.295590994968516,0.28791664533604044,0.04492863214200264
2023-06-01,1396,5.737049240431391,0.27845208565341134,0.043451792178314894
2023-06-02,1343,5.727825692958269,0.48754386276911377,0.04372202320385319
2023-06-03,1287,6.464399453882264,0.4936009313675423,0.03854934553710356
2023-06-04,1288,6.252759131830073,0.46915915256727175,0.030333009636297016
2023-06-05,1336,6.804391231569007,0.5596553783922431,0.046508329623426145
2023-06-06,1464,6.1419647726020905,0.3367544971714813,0.03855388082104401
2023-06-07,1392,5.639065872237713,0.26491765627705843,0.03656237360007713
2023-06-08,1307,6.082507968659088,0.33529374627796704,0.04427453486238386
2023-06-09,1398,6.309767720699384,0.5008106593715935,0.038780689028465855
2023-06-10,1215,6.133668552058218,0.5031563117450706,0.04597678978848797
2023-06-11,1301,5.944861640895115,0.40626924933093467,0.04370125583047485
2023-06-12,1418,6.192154309243638,0.4459614467287602,0.0439759715276604
2023-06-13,1317,6.21086187709449,0.2884096474762473,0.03367304301608302
2023-06-14,1405,6.2845051340657445,0.3961720975926949,0.046510052378379456
2023-06-15,1375,5.884816294193254,0.4106140293739766,0.041706925759571835
2023-06-16,1394,5.443771945297587,0.4210222791288183,0.038507472546856554
2023-06-17,1346,5.567401204178532,0.5615436093049381,0.041026844079467197
2023-06-18,1237,6.063865823715403,0.4815759237731732,0.031387640463175784
2023-06-19,1310,5.018573995385974,0.442638683756111,0.04227387912963154
2023-06-20,1301,5.577682434023604,0.34605349261792073,0.035048450855473326
2023-06-21,1303,5.162863765287445,0.260189376032274,0.03339955563304624
2023-06-22,1338,5.339986437344443,0.3244341344723711,0.032521624739993975
2023-06-23,1357,5.9308243251434,0.4948864147908139,0.04567029983524597
2023-06-24,1252,5.353045888915115,0.4807540246128554,0.036936909832543156
2023-06-25,1278,5.246536288321464,0.4580007250847032,0.04773117274522072
2023-06-26,1335,4.509145429144438,0.35224387103253235,0.037365778960593767
2023-06-27,1405,5.527899741480536,0.34299680503287006,0.03149319851278512
2023-06-28,1317,5.443168645302124,0.4056334547439749,0.034435522455538124
2023-06-29,1465,6.167671827661791,0.30323498037553054,0.04618831694901239
2023-06-30,1358,4.897747762977766,0.44459934674539375,0.03922384262521156
2023-07-01,1182,5.126789157609347,0.5681038189889539,0.03725893392638434
2023-07-02,1169,5.107477848078002,0.4742010786845173,0.04080046153810128
2023-07-03,1345,5.737089759427473,0.42261858981248673,0.04251224719573262
2023-07-04,1308,4.866307767797463,0.268697175345853,0.045596252928490004
2023-07-05,1353,5.0190842081535845,0.32392256364220007,0.04726064080474605
2023-07-06,1339,5.149175296391343,0.3472544128380168,0.038231145071804425
2023-07-07,1310,4.904231061943781,0.49267487369574897,0.033414547845445064
2023-07-08,1169,4.553465178481347,0.5568620937964199,0.037995208390021844
2023-07-09,1134,4.839548641543993,0.6076613303477337,0.04138462933392153
2023-07-10,1286,5.245217481090137,0.42898165866067883,0.03528806332924328
2023-07-11,1349,4.161128324417437,0.33810666758230534,0.035347666096608214
2023-07-12,1315,4.706951665622314,0.31222642386068444,0.04188184647001333
2023-07-13,1240,4.256593812943261,0.3389533114477098,0.03995204663853143
2023-07-14,1309,5.170481483582829,0.4603125660848404,0.04039460004928612
2023-07-15,1218,3.7777952071468888,0.48272272071123096,0.036476339954167034
2023-07-16,1153,4.226494715402335,0.48660619706028374,0.0391578981717271
2023-07-17,1303,4.661274952076246,0.465879876780398,0.035732692521746046
2023-07-18,1296,5.222300664218738,0.27148972348921496,0.04485166515902649
2023-07-19,1234,4.373699230916525,0.3595011368382699,0.04562657912506621
2023-07-20,1308,4.096186154781748,0.4224673794552375,0.031271882260895216
2023-07-21,1316,5.281761570271235,0.4374849475622019,0.035910570610695955
2023-07-22,1240,3.584768424450411,0.39140004626775265,0.03313357980714097
2023-07-23,1237,3.1771695602304244,0.4477920488920814,0.037426988196220375
2023-07-24,1214,4.464591294618737,0.4648497273280555,0.0403235623791097
2023-07-25,1234,3.9617923345107617,0.3206734486382529,0.03355891420432125
2023-07-26,1305,3.670671673803401,0.2525420971670721,0.03626695335466616
2023-07-27,1303,4.504177543710568,0.33137288002683335,0.03592828124067853
2023-07-28,1302,4.240862788184609,0.4854193752369835,0.042058902711652385
2023-07-29,1367,3.8061472976147175,0.5248294696282514,0.04144644592083449
2023-07-30,1201,3.417528785316825,0.4662365432883183,0.0375708319837552
2023-07-31,1328,4.463683249922692,0.3816587794092656,0.042146033324586184
2023-08-01,1317,4.322616962087779,0.30222894430100594,0.03861352703343161
2023-08-02,1301,3.9182872860786033,0.25638669955689253,0.0400762144893597
2023-08-03,1251,4.861858401699966,0.4373804105617163,0.04989185122256438
2023-08-04,1303,3.3744767397556226,0.42727235045118883,0.048319508206774
2023-08-05,1125,3.118058889717278,0.5583507172594573,0.03521439294361697
2023-08-06,1150,3.506501429250729,0.5542489508429256,0.04595851322271507
2023-08-07,1237,3.8016364872373045,0.44991554490739805,0.045966812828708487
2023-08-08,1264,3.9184215982115003,0.3002358361172946,0.03627088982737326
2023-08-09,1374,3.648812771145179,0.3226937132986481,0.04621083766046905
2023-08-10,1163,3.9185020690654797,0.3554018457686984,0.049913688122326494
2023-08-11,1290,3.090120861431651,0.3982032808752494,0.03672068777577635
2023-08-12,1074,4.41156958761846,0.5137107553042626,0.03785755275420188
2023-08-13,1129,3.622796682376649,0.4192311586888129,0.04764726793550391
2023-08-14,1306,4.197101096840032,0.45938396942307824,0.04403253583799245
2023-08-15,1254,3.784800219414898,0.29858598688827737,0.045550709880659006
2023-08-16,1195,3.817209389362537,0.3125651915754596,0.044616679299357885
2023-08-17,1212,3.849529812764179,0.3707760196655513,0.044989717348672
2023-08-18,1281,3.764739171835682,0.430443125226552,0.03652844514219848
2023-08-19,1110,3.8389173582365803,0.5268274812919461,0.04852398895743193
2023-08-20,1156,4.159242610002199,0.4544379654156768,0.04926393411515838
2023-08-21,1246,3.5704833592696494,0.44356486487286223,0.042399565147364364
2023-08-22,1210,3.804733796060175,0.2545178677408596,0.0434615811390572
2023-08-23,1349,3.383832442698958,0.3088261877591382,0.036157748454596364
2023-08-24,1273,4.127692880159506,0.45355807604115844,0.04652071308360068
2023-08-25,1139,3.0488439563284757,0.3933718076814771,0.04694767275993494
2023-08-26,1149,4.267394113563577,0.4636055426919398,0.04391612874948617
2023-08-27,1106,3.3272126272300095,0.5038785407297488,0.04999025955660333
2023-08-28,1281,2.6127614901037033,0.40897908909697994,0.042841184262253106
2023-08-29,1198,3.3735540927492673,0.33934835671687497,0.04747930404665822
2023-08-30,1231,2.950829831762906,0.3269665652892008,0.03970424018498427
2023-08-31,1261,3.694037518394539,0.3883476995163327,0.04483262869841361
2023-09-01,1279,2.9302753729301614,0.498873366009567,0.044227942046195234
2023-09-02,1075,3.0168838754455387,0.517983724064608,0.04637702888953421
2023-09-03,1118,2.2791149892682485,0.4661202655158759,0.04355503796131217
2023-09-04,1210,2.9821682589056437,0.4336286850601366,0.04489885524059553
2023-09-05,1201,1.9813487320361534,0.4168109484979578,0.04984131647808269
2023-09-06,1321,2.386839328068706,0.295875521462689,0.04368339273597987
2023-09-07,1253,3.545040075953362,0.3078851608547121,0.03799168635348104
2023-09-08,1169,3.5443186349392293,0.4987424073761045,0.05493102731836052
2023-09-09,1178,3.351280918816524,0.4914737330205025,0.05325004515847974
2023-09-10,1238,2.6427492358445304,0.3695496709461012,0.040042211971959625
2023-09-11,1283,3.090622035148169,0.4423710838575211,0.05011385123704411
2023-09-12,1155,3.1014755704303725,0.2950504424555009,0.04431321326135223
2023-09-13,1207,2.5134556621428374,0.2979805446666096,0.04830923800029862
2023-09-14,1295,3.8342635169089823,0.37321064261669495,0.048627528772257435
2023-09-15,1196,3.5117400481595387,0.45291335790070913,0.046149817946796644
2023-09-16,1153,2.9536423470370394,0.5329653820751343,0.04356927103321982
2023-09-17,1170,3.0692065262391433,0.45640882971831087,0.0442023808427146
2023-09-18,1185,3.15217030270904,0.42565528990880414,0.043241808118628475
2023-09-19,1229,2.0199051824968746,0.30883951787400116,0.04383198340754142
2023-09-20,1070,2.910558204779737,0.3394477328261928,0.04782412503317643
2023-09-21,1181,2.6871115760734403,0.38738000028889685,0.044750683799425046
2023-09-22,1220,2.5218348145878613,0.3966164388095261,0.051909706345116574
2023-09-23,1070,2.8772217255701134,0.551791897026934,0.05610608371133768
2023-09-24,1215,3.9123295648899328,0.4513849759911006,0.04594038779719478
2023-09-25,1162,3.3302108084321103,0.4404028899140573,0.05020882111534817
2023-09-26,1212,2.7210927016002615,0.34018121742326407,0.05168166159821044
2023-09-27,1241,3.290457068947295,0.3944163926215738,0.051714926860103205
2023-09-28,1307,3.701918287122934,0.3454383269696516,0.04990656245635612
2023-09-29,1164,3.4632242800816697,0.42592253410584596,0.05341220904332953
2023-09-30,1194,3.029981867650611,0.49652181092379577,0.0522821418026532
2023-10-01,1137,2.676550131674833,0.46302415910508926,0.043854723271325946
2023-10-02,1188,3.349574652847013,0.4399970950971025,0.05456094129630859
2023-10-03,1261,3.198242670231508,0.24100132133136762,0.054823676995255456
2023-10-04,1249,3.450725767702737,0.24982308782449994,0.04674273938011313
2023-10-05,1210,3.3229359546246737,0.30322148000928456,0.05092064047621879
2023-10-06,1244,3.5329383653653093,0.49090375351043464,0.054319161064365754
2023-10-07,1122,2.743946580431812,0.5830234598472787,0.050027244368744825
2023-10-08,1148,3.6742526139812983,0.47296068731992946,0.056609682877697944
2023-10-09,1277,3.118934812171494,0.3915589138404995,0.06323476542526724
2023-10-10,1324,4.06293155152466,0.3253194599088561,0.04765566368785644
2023-10-11,1184,2.6864584574510313,0.36060112391222715,0.04485009188844541
2023-10-12,1354,3.9053689610394065,0.3102439693787155,0.05344360879773268
2023-10-13,1151,3.1432587087200106,0.4553068230484951,0.05570095898526121
2023-10-14,1142,2.7260900878479344,0.5462526727073039,0.051106824985859035
2023-10-15,1180,2.817929239269825,0.5032378567437953,0.059694800537564534
2023-10-16,1266,2.90834647059313,0.40947908082993717,0.045902088972081756
2023-10-17,1222,3.2898234054563567,0.3718691563815541,0.05622556284613275
2023-10-18,1245,3.348948090833938,0.16734559413185576,0.04989669925253901
2023-10-19,1232,2.8110369654404033,0.39050539206478957,0.061687059474785956
2023-10-20,1228,3.0966299290152226,0.41068458975538463,0.06321599761296039
2023-10-21,1202,4.191423063422141,0.40596114637535957,0.049582424752761825
2023-10-22,1179,3.9960971274045054,0.5037432782230521,0.050829196708788354
2023-10-23,1228,3.363078467678623,0.4686829272581479,0.05803513658280371
2023-10-24,1309,3.1770591636508305,0.31494442602181244,0.051960651246360304
2023-10-25,1281,3.2317596869884633,0.3501509361419646,0.05382720119393879
2023-10-26,1308,3.492731360759936,0.43722553898767647,0.05433795081067295
2023-10-27,1301,2.689341978096311,0.5091340965909582,0.04476814653857236
2023-10-28,1130,3.08734903836923,0.579491017686752,0.05445153330885185
2023-10-29,1145,2.397572943174478,0.5152895228003976,0.05122495330125915
2023-10-30,1313,3.447828151014153,0.4037716819450797,0.05235946330561332
2023-10-31,1308,3.5886852603921766,0.2417185611583386,0.06219329290641588
2023-11-01,1278,3.0408788522987074,0.2902040843753202,0.048841179649887954
2023-11-02,1287,4.0873591985899616,0.3144492963224346,0.059336803020163614
2023-11-03,1347,2.705880357229873,0.5519355097866465,0.05402146355490078
2023-11-04,1156,2.6054713071634743,0.48869850059656555,0.054161373524091276
2023-11-05,1215,3.4692728026751567,0.4843433885860273,0.05965428240717643
2023-11-06,1280,3.900471033291355,0.4275742688020234,0.05754323820912814
2023-11-07,1281,4.239241669379581,0.3239969740718197,0.05883487413015682
2023-11-08,1349,3.188666555051975,0.3872597608033553,0.06095978731535155
2023-11-09,1338,3.978748714574096,0.3254791580015216,0.05459756381393585
2023-11-10,1339,3.4419161114817705,0.45311874667361796,0.05332631054797652
2023-11-11,1266,3.397074733072465,0.46036926193328,0.05109323732599813
2023-11-12,1205,3.947885793350226,0.41218202268576776,0.052521501329748095
2023-11-13,1340,3.8553273932787384,0.36941154545473576,0.07152162001701053
2023-11-14,1293,2.7645158449160503,0.3199650119007764,0.06312513178611366
2023-11-15,1327,4.314956930299398,0.28104209755595466,0.05026990291065146
2023-11-16,1307,4.2911290229704315,0.3219905770945514,0.05053444407671176
2023-11-17,1321,3.3131131147979005,0.3730725007281641,0.059675405556278115
2023-11-18,1248,3.849014529052813,0.4933375125867477,0.0601195875269209
2023-11-19,1180,3.9237458566568115,0.4029471295452529,0.060242683188632504
2023-11-20,1428,3.83307776084199,0.4380027981844802,0.056336263618839255
2023-11-21,1276,3.4539828212969352,0.3259388393999222,0.057094294544977144
2023-11-22,1268,3.420094819149238,0.2296296338085711,0.05946919865756742
2023-11-23,1390,3.7702692242740246,0.34115117223575103,0.058365181120988124
2023-11-24,1374,4.396911135708154,0.40578055363222665,0.046942777754590534
2023-11-25,1269,4.110199530389614,0.5134515167391415,0.05699146278220621
2023-11-26,1272,3.6812893213747104,0.5452056705479602,0.05398219788627397
2023-11-27,1342,4.280978728988932,0.30624137651771277,0.059211614812928255
2023-11-28,1301,2.499718346608364,0.32756815571056785,0.07335571038656488
2023-11-29,1352,4.527551635454952,0.29450056900348565,0.06035818353838462
2023-11-30,1318,3.1128012229067417,0.39017862991076746,0.05704196172802796
2023-12-01,1403,3.8312284289784793,0.4540482053236403,0.06330490140335238
2023-12-02,1250,3.482697372455352,0.45989432463124147,0.06119304028305495
2023-12-03,1219,3.4255587203338442,0.46223045146347214,0.06096117866760059
2023-12-04,1347,4.683954710208439,0.36019870715982555,0.06197343893127093
2023-12-05,1387,3.9005982142431908,0.3756172086831269,0.06929773466546654
2023-12-06,1341,4.3388647356407235,0.30357279121541475,0.05343373419676545
2023-12-07,1331,4.173563732148461,0.4516711603758946,0.06152680326673014
2023-12-08,1388,4.467193601124346,0.4403553332210248,0.054594489838497184
2023-12-09,1291,4.298961859748782,0.46207245287265925,0.06206897734574299
2023-12-10,1256,3.6511516435529705,0.40249742861616167,0.054760246935701015
2023-12-11,1361,4.823087610535343,0.3098430161872028,0.05732633910710305
2023-12-12,1400,4.110582385034614,0.2426100546029225,0.05799442795957122
2023-12-13,1319,3.611866601357546,0.3158635413323918,0.06440285935402752
2023-12-14,1324,4.208977553755824,0.3820478772497409,0.06416712410326246
2023-12-15,1361,5.206463580248944,0.36432883881014916,0.05339450389230957
2023-12-16,1290,4.914404280824371,0.5422447069219882,0.05994314869105202
2023-12-17,1319,4.348328400784171,0.45403009566263103,0.05616310124508364
2023-12-18,1481,4.381528121832452,0.4073396505992775,0.053458120769195275
2023-12-19,1453,4.42897347465407,0.4024278831659682,0.058702315547547304
2023-12-20,1405,5.6619205720939325,0.34734917457509423,0.05827884211640091
2023-12-21,1416,4.848381437752821,0.3431850936929526,0.07198578349928822
2023-12-22,1370,4.906403182266973,0.3988287626409915,0.062045025783440455
2023-12-23,1322,5.240584182789391,0.3899020211517171,0.053017237017551046
2023-12-24,1312,4.878978489714552,0.442225482284682,0.057103617203722694
2023-12-25,1446,4.664275532194777,0.3894434880586153,0.0650536246762622
2023-12-26,1391,4.729895477982618,0.2724578753956378,0.07040519561369571
2023-12-27,1462,4.826594516688326,0.2959443604272024,0.05204638649187607
2023-12-28,1516,4.878149547298571,0.3604542202361826,0.050587046237189535
2023-12-29,1437,5.294971548572998,0.4321455748213519,0.06934889988425597
2023-12-30,1366,4.991546230591979,0.4649926621770094,0.06194658927894568
2023-12-31,1384,5.366320038607791,0.48661588184513943,0.055658536340618174
2024-01-01,1432,4.994068422257378,0.42209703247847047,0.06267166382270334
2024-01-02,1467,5.108160818403537,0.2672968978810547,0.04681533531231266
2024-01-03,1460,4.104138992180453,0.37305382776913115,0.06000354569587057
2024-01-04,1467,5.595768690955881,0.3516822194740311,0.06161540891728128
2024-01-05,1427,5.345173835423889,0.4443308550589982,0.06458433244703524
2024-01-06,1370,5.705208449824696,0.5329035123810103,0.054877228437652525
2024-01-07,1397,3.7922884007018602,0.4898439548099781,0.060355923031594205
2024-01-08,1548,6.318744896616893,0.4476568316956623,0.055278201391024295
2024-01-09,1526,5.238822827250976,0.3361730600132882,0.06115714543500856
2024-01-10,1589,5.896677696731714,0.27188534004979575,0.055375469455745494
2024-01-11,1447,4.856500456123722,0.3746868023485493,0.057780751862878905
2024-01-12,1532,5.7165959522685235,0.38620206354572273,0.05480832382571801
2024-01-13,1401,4.917135244421503,0.5029207765070086,0.06300632653169023
2024-01-14,1504,5.165461051663997,0.47652164871457997,0.06400325610211283
2024-01-15,1457,6.467722267165767,0.389594157136373,0.05849537528626571
2024-01-16,1459,5.4485751146865375,0.3153899761812505,0.059814280749341635
2024-01-17,1474,5.685681302351079,0.2084147565069357,0.052331894810382674
2024-01-18,1401,6.044876314656955,0.3291753807011961,0.05802539251727004
2024-01-19,1484,5.8903802673710315,0.4480306189688116,0.059218854445552034
2024-01-20,1376,5.750255251760015,0.5054856108180524,0.07251713863027835
2024-01-21,1424,5.889832745585856,0.42679939120050514,0.05379384436426067
2024-01-22,1537,6.941156878400483,0.46328539204323504,0.06661230030779393
2024-01-23,1617,5.742517413970421,0.27850810934247194,0.06421068935573392
2024-01-24,1573,5.90352550176943,0.35098006880815447,0.06056182490512356
2024-01-25,1500,6.359714403228439,0.37797134418182843,0.0678812787943707
2024-01-26,1487,6.418314151579855,0.4110770084195657,0.060875544204353156
2024-01-27,1460,6.4899738362610115,0.586258335848658,0.060884981943532215
2024-01-28,1372,6.246465652820294,0.418501306658979,0.05859510295025366
2024-01-29,1632,5.385965223866336,0.4459577086805001,0.06489744525910202
2024-01-30,1603,6.804266866470502,0.37184596765534594,0.06417824006252053
2024-01-31,1523,5.444169191194865,0.2689761983279854,0.05548122372140889
2024-02-01,1464,6.198148947350617,0.4262348910914606,0.051924539238019256
2024-02-02,1620,5.69887241806692,0.4308860481818082,0.057414512186569545
2024-02-03,1450,6.0728014530387435,0.5119274726821753,0.05433536489639747
2024-02-04,1520,6.297784717733976,0.49119924018536404,0.05792160718449877
2024-02-05,1481,6.322279154632739,0.3932845629264726,0.06432765160850287
2024-02-06,1534,6.400413751039169,0.3623572654111861,0.05575277134289426
2024-02-07,1567,7.023809374759576,0.3421816448094283,0.0577215991829636
2024-02-08,1572,6.470860647638725,0.26918502742633516,0.058119914710812605
2024-02-09,1549,6.1487862841350305,0.5086053860556634,0.061963720256018075
2024-02-10,1506,6.779302706214141,0.41436819181639867,0.04637659591668472
2024-02-11,1424,6.918004480946877,0.5298104584638859,0.054464762538219205
2024-02-12,1573,5.735083330097394,0.4563352568413792,0.05843968200142843
2024-02-13,1588,6.6728055693722625,0.26726853024243713,0.06326647002981996
2024-02-14,1611,6.749503025258743,0.2819664943840884,0.05468722162289859
2024-02-15,1623,6.274531492883553,0.3013263926639474,0.0476425112114822
2024-02-16,1534,7.135141483247635,0.4326423223973191,0.06000029111226041
2024-02-17,1416,6.395806252411707,0.48209107700889536,0.05359933594633875
2024-02-18,1559,6.5567324021288815,0.5171661748602701,0.05070022068419106
2024-02-19,1614,6.43007570481519,0.46551543730598044,0.05339726301022101
2024-02-20,1562,6.546619177558609,0.3916010422926948,0.055464867432236026
2024-02-21,1679,6.0124541586939495,0.2743988074529025,0.05323038240716141
2024-02-22,1610,5.861865872216407,0.34615053240101784,0.0450910337271919
2024-02-23,1665,7.399974707961839,0.3592164643007083,0.06046714012849483
2024-02-24,1512,6.199597443855558,0.45719928789337294,0.0622173569426773
2024-02-25,1614,6.147256931876675,0.5264257299016759,0.058960032883615406
2024-02-26,1701,5.585646195929758,0.4807791411774116,0.04987174601444637
2024-02-27,1603,6.361755937424205,0.2600994081592009,0.05440882053682223
2024-02-28,1666,6.0380892863513065,0.27288399582417294,0.055238170510276435
2024-02-29,1651,7.53853549661979,0.35529133824029785,0.05811768606909379
2024-03-01,1690,7.239821254130511,0.45739643185273615,0.058316835332662215
2024-03-02,1475,6.407708237699624,0.4570126152221001,0.05115420842371971
2024-03-03,1559,7.894352922558881,0.49938620047000754,0.05508356995364783
2024-03-04,1680,7.2748454364148945,0.37630803264645424,0.05680712406239925
2024-03-05,1541,6.636846047550176,0.32109423820928307,0.06164562393029448
2024-03-06,1571,5.564324768168485,0.32982142118200264,0.05773354140708451
2024-03-07,1530,7.9737272626660385,0.35693273957879107,0.057999540720477576
2024-03-08,1620,6.147156342051471,0.4215690793854274,0.05431543763495469
2024-03-09,1571,6.0323839936799475,0.49201230102189086,0.06078949287392221
2024-03-10,1612,7.37895967365067,0.47376500028653623,0.05562579636812875
2024-03-11,1643,8.099588319053428,0.3814994485058936,0.04911026814081071
2024-03-12,1722,7.5833291841095445,0.3088770486198419,0.06027027069774575
2024-03-13,1573,7.184067592616487,0.3824395673070535,0.05657968630644461
2024-03-14,1558,7.209846824016454,0.3846575984853061,0.05071078325069108
2024-03-15,1642,7.348967347134756,0.42861435801029785,0.05036350489397847
2024-03-16,1565,7.310944170203092,0.5323405114437192,0.054077995696401815
2024-03-17,1546,7.080723555687703,0.46149217375900253,0.054744421197297284
2024-03-18,1545,7.000301462320779,0.4586562318793321,0.053247618183238914
2024-03-19,1646,6.924400119061553,0.3402989613631017,0.05364968982684491
2024-03-20,1586,6.58563064610988,0.2971421015816062,0.06042430269259021
2024-03-21,1686,6.828610095070797,0.3789974723787581,0.05711303066538871
2024-03-22,1672,6.12822047769028,0.36484456630833084,0.05253877180735647
2024-03-23,1508,6.930695176777331,0.44115441777269215,0.05612195585600785
2024-03-24,1530,6.490148865260406,0.41848689792685023,0.0460821731212302
2024-03-25,1604,6.436641155180018,0.40714715473818536,0.05306344871637567
2024-03-26,1654,7.081785067871097,0.4084426017274516,0.059949047848975964
2024-03-27,1706,7.690651089388611,0.4140722160914493,0.04964072182201891
2024-03-28,1610,7.456029145312285,0.3885141811602821,0.04632100025791061
2024-03-29,1685,6.213249720667778,0.4684305976589787,0.04712677836595644
2024-03-30,1534,6.5047229356746135,0.40743990451054546,0.04476699578765028
2024-03-31,1522,7.4703670734664875,0.45104945826010195,0.04611922584232393
2024-04-01,1657,6.50858962054032,0.3606108124045881,0.04801835654629977
2024-04-02,1611,6.886775986376202,0.2907744718406412,0.04267096185563771
2024-04-03,1636,7.272785480682343,0.29410001785257817,0.0496048777865237
2024-04-04,1604,6.511662094298967,0.33300709720338784,0.05386630137444008
2024-04-05,1763,7.04600555658132,0.34442338339296646,0.04464445514596117
2024-04-06,1567,6.323197874742293,0.5348883040240591,0.056608218230880136
2024-04-07,1530,6.685829876559222,0.4245459969598127,0.051394614446682974
2024-04-08,1676,7.142119095058177,0.4119623432055575,0.053822755862778335
2024-04-09,1660,6.180858313698846,0.4255209852406957,0.04521027324729279
2024-04-10,1655,7.19213366890786,0.25653797920249644,0.05260210988031189
2024-04-11,1697,6.956034204496624,0.2300972499509277,0.04270034698144664
2024-04-12,1705,7.2354723604995534,0.4290881628177503,0.052442331952876196
2024-04-13,1540,7.0639781682970675,0.552540772968111,0.04868196439500234
2024-04-14,1538,7.626306608245045,0.5761005209578327,0.05042134220421982
2024-04-15,1653,6.998487817372082,0.33852252027737917,0.04161012633302755
2024-04-16,1552,6.7122383265656715,0.3466518129150231,0.042846507736995235
2024-04-17,1591,6.978584385490735,0.27924168594281495,0.05014254921845689
2024-04-18,1735,7.179011007779085,0.3513142083730374,0.042250061902522326
2024-04-19,1749,6.921153195187195,0.5756055412626075,0.04914411857460456
2024-04-20,1554,6.905818132382783,0.42234427479842473,0.039829623178516904
2024-04-21,1595,6.5227668486874855,0.4908701313215317,0.050744396510821056
2024-04-22,1682,6.529997403300485,0.4233846585882717,0.04018015819118477
2024-04-23,1820,6.14727880848634,0.3761061680001644,0.04894460748573103
2024-04-24,1722,7.709955623712257,0.3074063664553624,0.04915272652540445
2024-04-25,1659,6.19927764249279,0.3720141530634493,0.04238335483002309
2024-04-26,1617,6.460259005751415,0.4238059455406663,0.0486212134562988
2024-04-27,1484,6.432474948685219,0.5109491382804378,0.04685842953562165
2024-04-28,1574,7.223576833731207,0.4610235344719325,0.04270846332451527
2024-04-29,1626,6.612549568801057,0.43107859449280256,0.04020771585894846
2024-04-30,1592,7.3672836737555105,0.3033363349510153,0.03528658487734652
2024-05-01,1630,6.389538943977889,0.32136222847692697,0.04669863968928326
2024-05-02,1608,6.8481414206115545,0.3551484854039953,0.03697854802163457
2024-05-03,1745,6.272824588076248,0.49969088645036425,0.045132995414396755
2024-05-04,1604,7.744425522723969,0.4949231050387581,0.04319432933674157
2024-05-05,1559,6.058909187933063,0.3895315248364589,0.04776420663444179
2024-05-06,1733,6.787986458005346,0.4630960750356996,0.04271685633703341
2024-05-07,1662,6.929848333107938,0.27653023671006605,0.04244014661962877
2024-05-08,1614,6.799265276290981,0.26981889184937663,0.04760879282495299
2024-05-09,1732,6.478655880718575,0.3268285613860696,0.04548857611279556
2024-05-10,1682,6.484857732867368,0.5121102785702967,0.04525974567404041
2024-05-11,1502,6.549682961570641,0.39070908051924763,0.04589285681674713
2024-05-12,1544,6.4318326542497735,0.6350705749298027,0.03573812353698399
2024-05-13,1608,6.964383580094647,0.4528028404533026,0.0470713438242596
2024-05-14,1582,7.564376608968651,0.33297879745965503,0.04622314975382191
2024-05-15,1696,6.156607934848007,0.2997625087510033,0.037952822101148795
2024-05-16,1744,5.726265730424817,0.37088932983112705,0.0416933308489844
2024-05-17,1578,6.342421429598327,0.46944449533072274,0.04259679206632324
2024-05-18,1575,7.651401487781191,0.5297535705156853,0.042002575361855546
2024-05-19,1513,5.934290444442202,0.5059633715469755,0.04422826043412907
2024-05-20,1620,7.129871117140205,0.4044790340627625,0.049601900768429116
2024-05-21,1613,7.122959833511349,0.3119499307378307,0.047742245445362555
2024-05-22,1598,5.980731508337671,0.29494354459914207,0.0356629325631067
2024-05-23,1643,6.515060739519293,0.34686621207061014,0.04522729939322499
2024-05-24,1597,7.0174464380141135,0.5000768787551091,0.0486568728688134
2024-05-25,1551,5.986006634091203,0.5271706273322255,0.04384387265969654
2024-05-26,1534,6.0457543557574684,0.331163716513589,0.04726475325924903
2024-05-27,1623,5.8283380678460315,0.43279503882648807,0.05177365135675879
2024-05-28,1588,5.583102511734869,0.3315536614891358,0.04673575067835716
2024-05-29,1603,5.736821323790863,0.30157177095952276,0.042771133749280335
2024-05-30,1668,5.420154648650577,0.3371857034337999,0.04665993241141373
2024-05-31,1654,6.019525361021165,0.4995940099110565,0.042071366621852395
2024-06-01,1478,5.587558798688059,0.5448691143243253,0.04138144418031397
2024-06-02,1530,6.059211971243101,0.43953926485562256,0.0394224485718728
2024-06-03,1661,5.133865563915104,0.4203526143562268,0.04891679102981378
2024-06-04,1539,6.0464776848082185,0.2732340150261327,0.036930422734947656
2024-06-05,1648,6.266765160743571,0.2335263005423711,0.04860990672447661
2024-06-06,1586,4.821844096345515,0.32527576485874593,0.04337557303899459
2024-06-07,1646,5.974208838236719,0.4865080475308938,0.03381060942880419
2024-06-08,1477,6.369250426644576,0.5451490434869868,0.042578998693018615
2024-06-09,1424,5.118606952113932,0.5038374192516677,0.030176975329996747
2024-06-10,1531,6.527510818760319,0.43625478934239986,0.043743766166746544
2024-06-11,1613,5.868326469132083,0.3476257661089449,0.04498428232660296
2024-06-12,1622,5.273708153992449,0.27043312902067,0.03754104179382542
2024-06-13,1562,5.5655410997181285,0.37820775332194123,0.041068070931225366
2024-06-14,1637,5.839624806659294,0.48340885017313995,0.05017146027215399
2024-06-15,1420,5.56533368116222,0.5352073577088611,0.03782512472177789
2024-06-16,1498,5.763422357185055,0.5376288168205352,0.03501536380747294
2024-06-17,1539,5.000274543921542,0.4354151923600532,0.04767713363998038
2024-06-18,1565,5.511722242897631,0.33938926213027615,0.05004355102488216
2024-06-19,1598,4.686488531134663,0.356014720697639,0.04021378675562292
2024-06-20,1551,5.303920140776775,0.3552855631257912,0.04522022223930569
2024-06-21,1573,4.87366020514464,0.39929464135036996,0.04684080024873783
2024-06-22,1541,4.923833422544868,0.4893394430209942,0.036394436797604415
2024-06-23,1460,5.875542942510381,0.4409380160064806,0.03765669762416776
2024-06-24,1628,5.768973074540525,0.36624108625128093,0.0462169067614119
2024-06-25,1528,5.493642560087987,0.31459091821742113,0.0484698576693978
2024-06-26,1609,4.608616576130636,0.26288621273181956,0.04284439260162162
2024-06-27,1653,4.962222329884185,0.3412135496062922,0.03561907288777115
2024-06-28,1455,5.692593315998653,0.34870764056406656,0.049944564407474905
2024-06-29,1437,5.122495337274218,0.5081574765868293,0.03734847902583507
2024-06-30,1504,6.176878763768225,0.4782434220149142,0.03832468150298009
2024-07-01,1563,5.17944492591981,0.3591455684465905,0.04171205958128545
2024-07-02,1590,5.044387677790751,0.3547791351748173,0.047774135618468765
2024-07-03,1539,4.759397301889688,0.3493857156631456,0.04427913873173882
2024-07-04,1572,4.946343897659556,0.2762336328697955,0.04209247215709097
2024-07-05,1558,4.768992123342802,0.40525213498344514,0.042346430951340386
2024-07-06,1522,5.164980838709897,0.4590356737288175,0.04026235961907258
2024-07-07,1475,5.255033144153903,0.4311879931913598,0.042853231768230755
2024-07-08,1577,4.3495089148408645,0.44147374209658746,0.027435426412535584
2024-07-09,1538,4.042785129381362,0.31212554481455684,0.03862382066494734
2024-07-10,1532,3.756283287571319,0.2892814667162871,0.041340030345667335
2024-07-11,1533,4.894462492005148,0.25641850786790654,0.03440783664416636
2024-07-12,1572,4.054970917325911,0.47515927542221714,0.04212692498544148
2024-07-13,1430,3.4965128726441668,0.43552987147550876,0.03920825896729758
2024-07-14,1464,4.733677961804259,0.48117977976011944,0.04904619511924483
2024-07-15,1651,5.752455397754525,0.4138688468979096,0.04817500036883022
2024-07-16,1589,4.469633558774039,0.38984978154512956,0.03802483039749675
2024-07-17,1527,4.858784036827389,0.23706618882586203,0.03964648454556908
2024-07-18,1602,4.447489040726802,0.20563601829720293,0.040080594623405484
2024-07-19,1520,4.324341091532776,0.4525808511494406,0.03824452419128757
2024-07-20,1336,4.800721277044825,0.5875183502937251,0.04153324983179864
2024-07-21,1386,4.1636381025642075,0.5401304658937749,0.03682481573815341
2024-07-22,1441,4.410268695576417,0.4104829707637313,0.035024031193567236
2024-07-23,1516,4.405432972690077,0.29723504247159466,0.04385430834756285
2024-07-24,1532,3.878774219865543,0.3428633386136832,0.04395478822392295
2024-07-25,1614,4.6773092571370185,0.3079343161030208,0.03685467362199277
2024-07-26,1544,4.062519441713188,0.4672062623795668,0.045424845254899024
2024-07-27,1415,3.741089851552587,0.5227662991765137,0.03786467741883101
2024-07-28,1466,4.356441534768283,0.531193643621747,0.04236555042584314
2024-07-29,1413,3.6084469937567536,0.5379830019455539,0.04528123981350375
2024-07-30,1533,4.041545164467183,0.3414376501121354,0.04109386614037063
2024-07-31,1559,3.9929568747863473,0.2770590274964427,0.04362063201707361
2024-08-01,1445,4.510823000884084,0.35533291047864446,0.03885234182155211
2024-08-02,1574,4.17588902011611,0.35493457866729994,0.04054225785393121
2024-08-03,1432,3.8970056435461267,0.4627571346637295,0.04058790579342055
2024-08-04,1393,4.289704624779791,0.4577190263411478,0.03797940739555377
2024-08-05,1544,4.547559238700008,0.3737955801032704,0.040925980317740286
2024-08-06,1625,4.103334648590985,0.3294345953548831,0.034166738561931795
2024-08-07,1519,3.8019281834718446,0.26138621216270763,0.03955643753542583
2024-08-08,1521,3.1135126838982643,0.4126631594544678,0.040692571974846395
2024-08-09,1484,3.209917539270645,0.4433987271576657,0.04094312976778683
2024-08-10,1363,3.563278221349539,0.4970277751612517,0.04112592457764452
2024-08-11,1446,3.3849311845021886,0.46178841242115715,0.042136245859972554
2024-08-12,1460,3.5703866200802103,0.40775953419294897,0.04495616819171672
2024-08-13,1506,3.666778143494522,0.3630717649865788,0.04704764465452682
2024-08-14,1477,3.8782839234044113,0.2591506979962726,0.03954450237022005
2024-08-15,1524,3.553583390756099,0.32370580163448137,0.03689772894040968
2024-08-16,1515,3.807896994561178,0.42820207247292263,0.03782601568281577
2024-08-17,1449,3.573122099232085,0.43019924504452167,0.04072479117777926
2024-08-18,1371,2.5298226951258727,0.43722025526072816,0.04152779383524215
2024-08-19,1482,3.0249986480266062,0.37618895632276705,0.03956600382203222
2024-08-20,1445,3.4001789965581066,0.3655363107888334,0.037065935546455035
2024-08-21,1471,2.845384545845365,0.31563527523191387,0.04139836175075558
2024-08-22,1511,3.7286646548406734,0.3662911216566214,0.04472041906794483
2024-08-23,1529,4.1730096886066175,0.48593327202015446,0.04692458663268933
2024-08-24,1345,3.996421033206769,0.4906242017982126,0.041300270285822616
2024-08-25,1433,3.2602024616430647,0.4977063907432475,0.04216209472376556
2024-08-26,1557,4.092654670977157,0.3948389123533752,0.03973500121301426
2024-08-27,1509,3.402482769763783,0.33508496922317843,0.04435437456527892
2024-08-28,1582,3.140958899734853,0.27336927590123855,0.04041413124623614
2024-08-29,1448,2.984654328729876,0.23467076817442273,0.04766820094465085
2024-08-30,1424,3.122480900656113,0.43667441580244065,0.036021056993114246
2024-08-31,1297,3.062498953310742,0.5686301980231794,0.0433015649734471
2024-09-01,1460,3.325183703240673,0.5244939183588826,0.04675602597528821
2024-09-02,1517,3.3041723452659464,0.44826987422955855,0.04632184518709148
2024-09-03,1481,3.2098444286068895,0.3836233878435079,0.05902138653885636
2024-09-04,1498,3.4117574802238066,0.3069400883298895,0.047460080743714696
2024-09-05,1427,3.7741138772047385,0.36647741145852397,0.0408469409379609
2024-09-06,1605,3.6396098156018755,0.41250577914003833,0.04554725062172907
2024-09-07,1389,2.4089695713888615,0.4816891484168299,0.03730187613000116
2024-09-08,1388,1.861591570473064,0.5089717057353601,0.0459397760185435
2024-09-09,1518,3.593397263028774,0.46019422185844083,0.042338245162483926
2024-09-10,1506,2.431038364011448,0.314844537969147,0.05124226358861894
2024-09-11,1493,2.990894139029315,0.27999774553924706,0.04408038574113127
2024-09-12,1442,2.507581493709429,0.3566380240310741,0.046407972344667085
2024-09-13,1505,2.181574147235397,0.4734487113582116,0.043978618920167946
2024-09-14,1476,3.343790266974097,0.4253000504115053,0.05601611370764491
2024-09-15,1449,3.4437020141031947,0.36337410058994113,0.04588188553056225
2024-09-16,1561,2.7675084063785182,0.3724731575254209,0.05681787132169191
2024-09-17,1456,1.7524577526628087,0.2607812304574891,0.051893526506626014
2024-09-18,1432,2.7676503925827785,0.2771001988994521,0.050401428085370584
2024-09-19,1476,3.230048898741309,0.3492226101473706,0.0500036822200108
2024-09-20,1485,2.2886479156852753,0.42072595346060515,0.050298470236060065
2024-09-21,1437,3.114324779424897,0.5701161679417197,0.038861083119825425
2024-09-22,1298,3.010116947426593,0.49452038647691904,0.04727543596390425
2024-09-23,1560,3.3031320512657154,0.41502371798054144,0.0530664438599666
2024-09-24,1476,3.069579562005682,0.3529272089553671,0.048767312695300755
2024-09-25,1463,2.520147726050882,0.24556555289277918,0.0421572868126779
2024-09-26,1434,3.6024514291014613,0.40856721545925767,0.049092893252619486
2024-09-27,1402,2.922975782316448,0.43960015958498283,0.05804731369805314
2024-09-28,1427,2.9872551688703193,0.531016822080243,0.055933255529204515
2024-09-29,1390,2.5335327031539263,0.42459028659479525,0.049560876992419754
2024-09-30,1423,2.778377394931865,0.3223120616991968,0.05480028176825287
2024-10-01,1423,2.5580616390267674,0.36271133465444844,0.04838262587252196
2024-10-02,1472,2.9150269475589217,0.32132768508669346,0.04186786487478815
2024-10-03,1573,3.858983397760043,0.3115090483703687,0.045936839960358265
2024-10-04,1477,2.319399482318011,0.39990521984802113,0.05854539514152177
2024-10-05,1316,2.2013813087672713,0.5537645304389209,0.049532550691163885
2024-10-06,1380,3.7471493499589004,0.4187125536034366,0.04985689356976654
2024-10-07,1479,2.910893742588202,0.4821336476627982,0.049745601657493484
2024-10-08,1359,2.685598640495336,0.27678581502080357,0.060936085900035464
2024-10-09,1492,3.5452534589100653,0.33442680506223676,0.059715388427841666
2024-10-10,1485,2.728244596627383,0.340180702300795,0.06284921607145495
2024-10-11,1532,3.9503919162302497,0.47354774546587297,0.05112928976770805
2024-10-12,1491,3.3832662526583213,0.4702870911124728,0.05357126890336597
2024-10-13,1456,2.8078433855823075,0.4700435029431883,0.04467794410797893
2024-10-14,1488,4.138526262929737,0.4020459587697861,0.05981316935155073
2024-10-15,1447,2.7656626631886208,0.2717074789641234,0.046756220214358324
2024-10-16,1633,3.448788118260052,0.3395484260528239,0.053844847549787835
2024-10-17,1508,3.2371766370194344,0.33095094776466494,0.04743949071816926
2024-10-18,1507,3.7487576121090918,0.4319583781447549,0.050145835810055994
2024-10-19,1407,3.8895628235091406,0.4477753224877568,0.0490671086918713
2024-10-20,1420,3.1362899586490927,0.3500664653070375,0.05037633138829947
2024-10-21,1504,2.755616607181058,0.3904486118699916,0.05088136887258637
2024-10-22,1484,3.374902704311165,0.4424476228338428,0.05099585317327931
2024-10-23,1487,2.8191997396906774,0.34173742317671885,0.05806297405420941
2024-10-24,1515,4.178437647392644,0.35564860710152446,0.048529943318287375
2024-10-25,1491,3.2542400399360965,0.43024383245134246,0.05531371584303023
2024-10-26,1384,3.018077485039459,0.49861608585878475,0.060456308081088435
2024-10-27,1427,3.308377460013357,0.5055391040055636,0.05195474021675606
2024-10-28,1511,2.5583018353484244,0.3409593592345578,0.051083997717842014
2024-10-29,1601,2.762409570456188,0.37753293648664066,0.05367245429171093
2024-10-30,1395,3.8652942445130187,0.3382762745538798,0.060873758930875356
2024-10-31,1584,2.9540249439626964,0.39252091237364095,0.056094252276051026
2024-11-01,1594,2.776910325603975,0.4653121608522422,0.052614705613385736
2024-11-02,1330,3.5870895649946863,0.4984736241028819,0.057835661462500014
2024-11-03,1419,3.9305108245998825,0.5118262100451441,0.050048713617388337
2024-11-04,1519,3.716523548727704,0.42959070668706895,0.05910922047913261
2024-11-05,1470,3.8749457248881862,0.30411481620614583,0.057886018274792526
2024-11-06,1503,3.018880279365916,0.2738271201369726,0.05444276678836474
2024-11-07,1489,2.7072033531155233,0.36170444085134357,0.05192593502045109
2024-11-08,1634,4.190075123836191,0.5208393814865152,0.051820701118435175
2024-11-09,1496,3.299830426811056,0.43553743743548734,0.05906158090224482
2024-11-10,1515,3.3579718748153513,0.40480688495918105,0.06266389247123244
2024-11-11,1590,4.170152895531419,0.40823804206182585,0.053462015244498895
2024-11-12,1500,3.8072809587723584,0.32436123684599794,0.05906808140822432
2024-11-13,1532,3.780655809448979,0.311174292000338,0.046466598789419375
2024-11-14,1586,4.659187927886991,0.36880928598366924,0.05410218608840557
2024-11-15,1503,3.2793242307066346,0.43222826118001556,0.0569914391960751
2024-11-16,1502,4.0898145295932835,0.5719859631482865,0.05271765816277649
2024-11-17,1457,3.6796193247826507,0.39813794932297725,0.052700731666083085
2024-11-18,1553,3.8110269029470705,0.3585751487609877,0.05415936622970125
2024-11-19,1610,4.466975091136303,0.31665411374574465,0.05907200622823961
2024-11-20,1599,3.983053276364457,0.22034776822410929,0.05678492075295977
2024-11-21,1561,4.025054542643081,0.34781890586664066,0.04663864487014577
2024-11-22,1640,4.319299928424648,0.5264618821981568,0.04733221532634614
2024-11-23,1431,3.6280702613070295,0.4985371156329805,0.05500495372904233
2024-11-24,1518,3.418794619422894,0.4897181935327372,0.060428893865349935
2024-11-25,1620,3.3441918904072465,0.336991761741371,0.044501705843949364
2024-11-26,1578,2.9119510789767586,0.29099878135122315,0.05583690683762754
2024-11-27,1612,4.952093221893563,0.2837473897656208,0.05579817609096073
2024-11-28,1536,3.401564602408058,0.3407258712504325,0.06546246410205533
2024-11-29,1648,3.8720313005029054,0.5074705636619443,0.05668450110032563
2024-11-30,1496,3.874042249735585,0.5253773442544386,0.060610838817170755
2024-12-01,1482,4.1962356686729745,0.4226102503999514,0.0594858865474462
2024-12-02,1663,4.480768064463946,0.4123252389216003,0.04820787381630538
2024-12-03,1579,4.533778060699051,0.3467279391780363,0.06278022204835125
2024-12-04,1546,3.842910095614667,0.35951466070788096,0.060091999368600275
2024-12-05,1542,4.08205193788216,0.4356386604166629,0.061629519571767974
2024-12-06,1653,4.338313996832203,0.3926336643203624,0.0787898314148545
2024-12-07,1462,4.104327624421012,0.4569499156576655,0.04880583079091194
2024-12-08,1617,5.0642237022286505,0.4153042553010722,0.06791489736283729
2024-12-09,1528,4.538135231466381,0.388299007044651,0.05791644189612971
2024-12-10,1720,4.6923930938366825,0.3451347704755138,0.06084981769714352
2024-12-11,1649,4.688901310948976,0.35187393461127275,0.05924231630425454
2024-12-12,1637,4.976894479430084,0.35281407490611805,0.05740259409031376
2024-12-13,1617,4.513545913590634,0.42739599774901366,0.0567256872423566
2024-12-14,1568,3.807667710953866,0.5050806908306195,0.06127063445240653
2024-12-15,1549,4.689137385643945,0.4364260031653019,0.05208260965269438
2024-12-16,1709,4.196976021092185,0.5044769360847388,0.06346389635643833
2024-12-17,1663,4.291848633116788,0.24143380039729406,0.05766967329814568
2024-12-18,1668,4.882973009640308,0.31174423772660387,0.05413705410446737
2024-12-19,1646,5.24268811603033,0.4577919370497262,0.05757119176870094
2024-12-20,1664,4.6680495000050755,0.44372836613975575,0.06613794715187347
2024-12-21,1586,4.84579886497092,0.4879908394681077,0.05720355122155586
2024-12-22,1488,5.576549928091088,0.46031087710628166,0.06169759261237033
2024-12-23,1609,4.879960499945579,0.39098041591187965,0.05627270584600004
2024-12-24,1717,6.094638162195326,0.3904592754870235,0.06373631744873332
2024-12-25,1692,5.110825225340879,0.1919141132153423,0.0633905204432971
2024-12-26,1677,3.9820137668174493,0.4332833111530605,0.06921934721954792
2024-12-27,1691,5.273431476105758,0.3721905162892486,0.05910884843538868
2024-12-28,1610,5.121735969195897,0.48416017475646167,0.06333734803118658
2024-12-29,1569,5.6104496647297015,0.4567209272318699,0.06048885608978589
2024-12-30,1661,5.33659067563498,0.429427663488536,0.06647935890931508
